{"v":"5.5.7","meta":{"g":"LottieFiles AE 0.1.21","a":"TunnelBear","k":"","d":"Connection Ratings - Good","tc":"#ffffff"},"fr":29.9700012207031,"ip":0,"op":100.000004073084,"w":40,"h":40,"nm":"bad","ddd":0,"assets":[],"layers":[{"ddd":0,"ind":1,"ty":4,"nm":"tear 1","sr":1,"ks":{"o":{"a":1,"k":[{"i":{"x":[0.833],"y":[0.833]},"o":{"x":[0.167],"y":[0.167]},"t":50,"s":[0]},{"i":{"x":[0.833],"y":[0.833]},"o":{"x":[0.167],"y":[0.167]},"t":55,"s":[100]},{"i":{"x":[0.833],"y":[0.833]},"o":{"x":[0.167],"y":[0.167]},"t":75,"s":[100]},{"t":80.0000032584668,"s":[0]}],"ix":11},"r":{"a":0,"k":0,"ix":10},"p":{"a":0,"k":[-739.902,-230.372,0],"ix":2},"a":{"a":0,"k":[0,0,0],"ix":1},"s":{"a":0,"k":[101.914,101.914,100],"ix":6}},"ao":0,"shapes":[{"ty":"gr","it":[{"ind":0,"ty":"sh","ix":1,"ks":{"a":1,"k":[{"i":{"x":0.833,"y":0.833},"o":{"x":0.167,"y":0.167},"t":50,"s":[{"i":[[0,0],[-0.075,-0.648],[0.102,0.732]],"o":[[0,0],[0.075,0.648],[-0.102,-0.732]],"v":[[755.57,249.996],[755.856,251.379],[756.675,251.225]],"c":true}]},{"i":{"x":0.833,"y":0.833},"o":{"x":0.167,"y":0.167},"t":60,"s":[{"i":[[0,0],[-0.24,-2.085],[0.328,2.352]],"o":[[0,0],[0.24,2.085],[-0.328,-2.352]],"v":[[755.57,249.996],[756.489,254.441],[759.123,253.946]],"c":true}]},{"i":{"x":0.833,"y":0.833},"o":{"x":0.167,"y":0.167},"t":70,"s":[{"i":[[0,0],[-0.043,-1.656],[0.094,1.873]],"o":[[0,0],[0.043,1.656],[-0.094,-1.873]],"v":[[756.622,251.996],[757.034,255.555],[759.139,255.35]],"c":true}]},{"t":75.0000030548126,"s":[{"i":[[0,0],[-0.014,-0.527],[0.03,0.596]],"o":[[0,0],[0.014,0.527],[-0.03,-0.596]],"v":[[758.402,255.56],[758.533,256.692],[759.203,256.627]],"c":true}]}],"ix":2},"nm":"Path 1","mn":"ADBE Vector Shape - Group","hd":false},{"ty":"fl","c":{"a":0,"k":[0.572549045086,0.858823537827,0.956862747669,1],"ix":4},"o":{"a":0,"k":100,"ix":5},"r":1,"bm":0,"nm":"Fill 1","mn":"ADBE Vector Graphic - Fill","hd":false},{"ty":"tr","p":{"a":0,"k":[0,0],"ix":2},"a":{"a":0,"k":[0,0],"ix":1},"s":{"a":0,"k":[100,100],"ix":3},"r":{"a":0,"k":0,"ix":6},"o":{"a":0,"k":100,"ix":7},"sk":{"a":0,"k":0,"ix":4},"sa":{"a":0,"k":0,"ix":5},"nm":"Transform"}],"nm":"tear","np":2,"cix":2,"bm":0,"ix":1,"mn":"ADBE Vector Group","hd":false}],"ip":0,"op":100.000004073084,"st":0,"bm":0},{"ddd":0,"ind":2,"ty":4,"nm":"bad","sr":1,"ks":{"o":{"a":0,"k":100,"ix":11},"r":{"a":0,"k":0,"ix":10},"p":{"a":0,"k":[20,5,0],"ix":2},"a":{"a":0,"k":[745.652,231.286,0],"ix":1},"s":{"a":0,"k":[101.452,101.452,100],"ix":6}},"ao":0,"shapes":[{"ty":"gr","it":[{"ind":0,"ty":"sh","ix":1,"ks":{"a":1,"k":[{"i":{"x":0.833,"y":0.833},"o":{"x":0.167,"y":0.167},"t":45,"s":[{"i":[[-0.164,0.016],[-0.986,0],[-0.813,-0.081],[0.199,0.163],[1.179,0],[0,0],[0.64,-0.523]],"o":[[0.813,-0.081],[0.986,0],[0.164,0.016],[-0.64,-0.523],[0,0],[-1.179,0],[-0.199,0.163]],"v":[[742.999,259.3],[745.652,259.209],[748.306,259.3],[748.371,258.762],[745.653,257.946],[745.652,257.946],[742.933,258.762]],"c":true}]},{"i":{"x":0.833,"y":0.833},"o":{"x":0.167,"y":0.167},"t":50,"s":[{"i":[[-0.164,0.016],[-0.986,0],[-0.813,-0.081],[0.199,0.163],[1.179,0],[0,0],[0.64,-0.523]],"o":[[0.813,-0.081],[0.986,0],[0.164,0.016],[-0.64,-0.523],[0,0],[-1.179,0],[-0.199,0.163]],"v":[[742.999,261.019],[745.652,260.928],[748.306,261.019],[748.371,260.481],[745.653,259.665],[745.652,259.665],[742.933,260.481]],"c":true}]},{"i":{"x":0.833,"y":0.833},"o":{"x":0.167,"y":0.167},"t":85,"s":[{"i":[[-0.164,0.016],[-0.986,0],[-0.813,-0.081],[0.199,0.163],[1.179,0],[0,0],[0.64,-0.523]],"o":[[0.813,-0.081],[0.986,0],[0.164,0.016],[-0.64,-0.523],[0,0],[-1.179,0],[-0.199,0.163]],"v":[[742.999,261.019],[745.652,260.928],[748.306,261.019],[748.371,260.481],[745.653,259.665],[745.652,259.665],[742.933,260.481]],"c":true}]},{"t":90.0000036657751,"s":[{"i":[[-0.164,0.016],[-0.986,0],[-0.813,-0.081],[0.199,0.163],[1.179,0],[0,0],[0.64,-0.523]],"o":[[0.813,-0.081],[0.986,0],[0.164,0.016],[-0.64,-0.523],[0,0],[-1.179,0],[-0.199,0.163]],"v":[[742.999,259.3],[745.652,259.209],[748.306,259.3],[748.371,258.762],[745.653,257.946],[745.652,257.946],[742.933,258.762]],"c":true}]}],"ix":2},"nm":"Path 1","mn":"ADBE Vector Shape - Group","hd":false},{"ty":"fl","c":{"a":0,"k":[0,0,0,1],"ix":4},"o":{"a":0,"k":100,"ix":5},"r":1,"bm":0,"nm":"Fill 1","mn":"ADBE Vector Graphic - Fill","hd":false},{"ty":"tr","p":{"a":0,"k":[0,0],"ix":2},"a":{"a":0,"k":[0,0],"ix":1},"s":{"a":0,"k":[100,100],"ix":3},"r":{"a":0,"k":0,"ix":6},"o":{"a":0,"k":100,"ix":7},"sk":{"a":0,"k":0,"ix":4},"sa":{"a":0,"k":0,"ix":5},"nm":"Transform"}],"nm":"mouth","np":2,"cix":2,"bm":0,"ix":1,"mn":"ADBE Vector Group","hd":false},{"ty":"gr","it":[{"ind":0,"ty":"sh","ix":1,"ks":{"a":1,"k":[{"i":{"x":0.833,"y":0.833},"o":{"x":0.167,"y":0.167},"t":45,"s":[{"i":[[-0.834,0],[-0.648,1.232],[2.405,0],[-0.828,-1.575]],"o":[[0.834,0],[0.828,-1.575],[-2.405,0],[0.648,1.232]],"v":[[745.652,255.675],[748.647,253.79],[745.652,251.683],[742.657,253.79]],"c":true}]},{"i":{"x":0.833,"y":0.833},"o":{"x":0.167,"y":0.167},"t":50,"s":[{"i":[[-0.834,0],[-0.648,1.232],[2.405,0],[-0.828,-1.575]],"o":[[0.834,0],[0.828,-1.575],[-2.405,0],[0.648,1.232]],"v":[[745.652,257.393],[748.647,255.509],[745.652,253.401],[742.657,255.509]],"c":true}]},{"i":{"x":0.833,"y":0.833},"o":{"x":0.167,"y":0.167},"t":85,"s":[{"i":[[-0.834,0],[-0.648,1.232],[2.405,0],[-0.828,-1.575]],"o":[[0.834,0],[0.828,-1.575],[-2.405,0],[0.648,1.232]],"v":[[745.652,257.393],[748.647,255.509],[745.652,253.401],[742.657,255.509]],"c":true}]},{"t":90.0000036657751,"s":[{"i":[[-0.834,0],[-0.648,1.232],[2.405,0],[-0.828,-1.575]],"o":[[0.834,0],[0.828,-1.575],[-2.405,0],[0.648,1.232]],"v":[[745.652,255.675],[748.647,253.79],[745.652,251.683],[742.657,253.79]],"c":true}]}],"ix":2},"nm":"Path 1","mn":"ADBE Vector Shape - Group","hd":false},{"ty":"fl","c":{"a":0,"k":[0,0,0,1],"ix":4},"o":{"a":0,"k":100,"ix":5},"r":1,"bm":0,"nm":"Fill 1","mn":"ADBE Vector Graphic - Fill","hd":false},{"ty":"tr","p":{"a":0,"k":[0,0],"ix":2},"a":{"a":0,"k":[0,0],"ix":1},"s":{"a":0,"k":[100,100],"ix":3},"r":{"a":0,"k":0,"ix":6},"o":{"a":0,"k":100,"ix":7},"sk":{"a":0,"k":0,"ix":4},"sa":{"a":0,"k":0,"ix":5},"nm":"Transform"}],"nm":"nose","np":2,"cix":2,"bm":0,"ix":2,"mn":"ADBE Vector Group","hd":false},{"ty":"gr","it":[{"ind":0,"ty":"sh","ix":1,"ks":{"a":1,"k":[{"i":{"x":0.833,"y":0.833},"o":{"x":0.167,"y":0.167},"t":45,"s":[{"i":[[1.037,-0.399],[-0.218,-0.815],[-1.037,0.399],[0.218,0.815]],"o":[[-1.037,0.399],[0.218,0.815],[1.037,-0.399],[-0.218,-0.815]],"v":[[738.631,246.195],[737.013,247.887],[739.149,248.133],[740.767,246.442]],"c":true}]},{"i":{"x":0.833,"y":0.833},"o":{"x":0.167,"y":0.167},"t":50,"s":[{"i":[[1.037,-0.399],[-0.218,-0.815],[-1.037,0.399],[0.218,0.815]],"o":[[-1.037,0.399],[0.218,0.815],[1.037,-0.399],[-0.218,-0.815]],"v":[[738.631,247.445],[737.013,249.137],[739.149,249.383],[740.767,247.692]],"c":true}]},{"i":{"x":0.833,"y":0.833},"o":{"x":0.167,"y":0.167},"t":85,"s":[{"i":[[1.037,-0.399],[-0.218,-0.815],[-1.037,0.399],[0.218,0.815]],"o":[[-1.037,0.399],[0.218,0.815],[1.037,-0.399],[-0.218,-0.815]],"v":[[738.631,247.445],[737.013,249.137],[739.149,249.383],[740.767,247.692]],"c":true}]},{"t":90.0000036657751,"s":[{"i":[[1.037,-0.399],[-0.218,-0.815],[-1.037,0.399],[0.218,0.815]],"o":[[-1.037,0.399],[0.218,0.815],[1.037,-0.399],[-0.218,-0.815]],"v":[[738.631,246.195],[737.013,247.887],[739.149,248.133],[740.767,246.442]],"c":true}]}],"ix":2},"nm":"Path 1","mn":"ADBE Vector Shape - Group","hd":false},{"ind":1,"ty":"sh","ix":2,"ks":{"a":1,"k":[{"i":{"x":0.833,"y":0.833},"o":{"x":0.167,"y":0.167},"t":45,"s":[{"i":[[1.037,0.399],[0.218,-0.815],[-1.037,-0.399],[-0.218,0.815]],"o":[[-1.037,-0.399],[-0.218,0.815],[1.037,0.399],[0.218,-0.815]],"v":[[752.673,246.195],[750.537,246.442],[752.155,248.133],[754.292,247.887]],"c":true}]},{"i":{"x":0.833,"y":0.833},"o":{"x":0.167,"y":0.167},"t":50,"s":[{"i":[[1.037,0.399],[0.218,-0.815],[-1.037,-0.399],[-0.218,0.815]],"o":[[-1.037,-0.399],[-0.218,0.815],[1.037,0.399],[0.218,-0.815]],"v":[[752.673,247.445],[750.537,247.692],[752.155,249.383],[754.292,249.137]],"c":true}]},{"i":{"x":0.833,"y":0.833},"o":{"x":0.167,"y":0.167},"t":85,"s":[{"i":[[1.037,0.399],[0.218,-0.815],[-1.037,-0.399],[-0.218,0.815]],"o":[[-1.037,-0.399],[-0.218,0.815],[1.037,0.399],[0.218,-0.815]],"v":[[752.673,247.445],[750.537,247.692],[752.155,249.383],[754.292,249.137]],"c":true}]},{"t":90.0000036657751,"s":[{"i":[[1.037,0.399],[0.218,-0.815],[-1.037,-0.399],[-0.218,0.815]],"o":[[-1.037,-0.399],[-0.218,0.815],[1.037,0.399],[0.218,-0.815]],"v":[[752.673,246.195],[750.537,246.442],[752.155,248.133],[754.292,247.887]],"c":true}]}],"ix":2},"nm":"Path 2","mn":"ADBE Vector Shape - Group","hd":false},{"ty":"fl","c":{"a":0,"k":[0,0,0,1],"ix":4},"o":{"a":0,"k":100,"ix":5},"r":1,"bm":0,"nm":"Fill 1","mn":"ADBE Vector Graphic - Fill","hd":false},{"ty":"tr","p":{"a":0,"k":[0,0],"ix":2},"a":{"a":0,"k":[0,0],"ix":1},"s":{"a":0,"k":[100,100],"ix":3},"r":{"a":0,"k":0,"ix":6},"o":{"a":0,"k":100,"ix":7},"sk":{"a":0,"k":0,"ix":4},"sa":{"a":0,"k":0,"ix":5},"nm":"Transform"}],"nm":"eyes","np":3,"cix":2,"bm":0,"ix":3,"mn":"ADBE Vector Group","hd":false},{"ty":"gr","it":[{"ind":0,"ty":"sh","ix":1,"ks":{"a":1,"k":[{"i":{"x":0.833,"y":0.833},"o":{"x":0.167,"y":0.167},"t":45,"s":[{"i":[[3.152,0],[-1.434,6.907],[-2.35,0],[-1.082,-5.21]],"o":[[-3.152,0],[1.082,-5.21],[2.349,0],[1.434,6.907]],"v":[[745.652,260.56],[739.831,252.944],[745.652,247.021],[751.473,252.944]],"c":true}]},{"i":{"x":0.833,"y":0.833},"o":{"x":0.167,"y":0.167},"t":50,"s":[{"i":[[3.152,0],[-1.435,6.907],[-2.349,0],[-1.082,-5.21]],"o":[[-3.152,0],[1.082,-5.21],[2.349,0],[1.434,6.907]],"v":[[745.652,261.81],[739.831,254.194],[745.652,248.271],[751.473,254.194]],"c":true}]},{"i":{"x":0.833,"y":0.833},"o":{"x":0.167,"y":0.167},"t":85,"s":[{"i":[[3.152,0],[-1.435,6.907],[-2.349,0],[-1.082,-5.21]],"o":[[-3.152,0],[1.082,-5.21],[2.349,0],[1.434,6.907]],"v":[[745.652,261.81],[739.831,254.194],[745.652,248.271],[751.473,254.194]],"c":true}]},{"t":90.0000036657751,"s":[{"i":[[3.152,0],[-1.434,6.907],[-2.35,0],[-1.082,-5.21]],"o":[[-3.152,0],[1.082,-5.21],[2.349,0],[1.434,6.907]],"v":[[745.652,260.56],[739.831,252.944],[745.652,247.021],[751.473,252.944]],"c":true}]}],"ix":2},"nm":"Path 1","mn":"ADBE Vector Shape - Group","hd":false},{"ty":"fl","c":{"a":0,"k":[0.917647063732,0.745098054409,0.54509806633,1],"ix":4},"o":{"a":0,"k":100,"ix":5},"r":1,"bm":0,"nm":"Fill 1","mn":"ADBE Vector Graphic - Fill","hd":false},{"ty":"tr","p":{"a":0,"k":[0,0],"ix":2},"a":{"a":0,"k":[0,0],"ix":1},"s":{"a":0,"k":[100,100],"ix":3},"r":{"a":0,"k":0,"ix":6},"o":{"a":0,"k":100,"ix":7},"sk":{"a":0,"k":0,"ix":4},"sa":{"a":0,"k":0,"ix":5},"nm":"Transform"}],"nm":"snout","np":2,"cix":2,"bm":0,"ix":4,"mn":"ADBE Vector Group","hd":false},{"ty":"gr","it":[{"ind":0,"ty":"sh","ix":1,"ks":{"a":1,"k":[{"i":{"x":0.833,"y":0.833},"o":{"x":0.167,"y":0.167},"t":45,"s":[{"i":[[0,0],[-4.068,0.157],[0.697,2.779],[3.224,0.36],[-0.701,-3.55]],"o":[[0.617,3.123],[3.258,-0.126],[-0.695,-2.769],[-2.468,-0.276],[0,0]],"v":[[727.715,235.367],[735.857,240.505],[739.835,235.149],[734.853,231.886],[727.715,235.367]],"c":false}]},{"i":{"x":0.833,"y":0.833},"o":{"x":0.167,"y":0.167},"t":50,"s":[{"i":[[0,0],[-4.068,0.157],[0.697,2.779],[3.224,0.36],[-0.701,-3.55]],"o":[[0.617,3.123],[3.258,-0.126],[-0.695,-2.769],[-2.468,-0.276],[0,0]],"v":[[727.715,236.617],[735.857,241.755],[739.835,236.399],[734.853,233.136],[727.715,236.617]],"c":false}]},{"i":{"x":0.833,"y":0.833},"o":{"x":0.167,"y":0.167},"t":85,"s":[{"i":[[0,0],[-4.068,0.157],[0.697,2.779],[3.224,0.36],[-0.701,-3.55]],"o":[[0.617,3.123],[3.258,-0.126],[-0.695,-2.769],[-2.468,-0.276],[0,0]],"v":[[727.715,236.617],[735.857,241.755],[739.835,236.399],[734.853,233.136],[727.715,236.617]],"c":false}]},{"t":90.0000036657751,"s":[{"i":[[0,0],[-4.068,0.157],[0.697,2.779],[3.224,0.36],[-0.701,-3.55]],"o":[[0.617,3.123],[3.258,-0.126],[-0.695,-2.769],[-2.468,-0.276],[0,0]],"v":[[727.715,235.367],[735.857,240.505],[739.835,235.149],[734.853,231.886],[727.715,235.367]],"c":false}]}],"ix":2},"nm":"Path 1","mn":"ADBE Vector Shape - Group","hd":false},{"ty":"fl","c":{"a":0,"k":[0.701960802078,0.498039215803,0.243137255311,1],"ix":4},"o":{"a":0,"k":100,"ix":5},"r":1,"bm":0,"nm":"Fill 1","mn":"ADBE Vector Graphic - Fill","hd":false},{"ty":"tr","p":{"a":0,"k":[0,0],"ix":2},"a":{"a":0,"k":[0,0],"ix":1},"s":{"a":0,"k":[100,100],"ix":3},"r":{"a":0,"k":0,"ix":6},"o":{"a":0,"k":100,"ix":7},"sk":{"a":0,"k":0,"ix":4},"sa":{"a":0,"k":0,"ix":5},"nm":"Transform"}],"nm":"ear left","np":2,"cix":2,"bm":0,"ix":5,"mn":"ADBE Vector Group","hd":false},{"ty":"gr","it":[{"ind":0,"ty":"sh","ix":1,"ks":{"a":1,"k":[{"i":{"x":0.833,"y":0.833},"o":{"x":0.167,"y":0.167},"t":45,"s":[{"i":[[0,0],[2.468,-0.276],[0.695,-2.769],[-3.258,-0.126],[-0.617,3.123]],"o":[[0.701,-3.55],[-3.224,0.36],[-0.697,2.779],[4.068,0.157],[0,0]],"v":[[763.589,235.367],[756.451,231.886],[751.469,235.149],[755.447,240.505],[763.589,235.367]],"c":false}]},{"i":{"x":0.833,"y":0.833},"o":{"x":0.167,"y":0.167},"t":50,"s":[{"i":[[0,0],[2.468,-0.276],[0.695,-2.769],[-3.258,-0.126],[-0.617,3.123]],"o":[[0.701,-3.55],[-3.224,0.36],[-0.697,2.779],[4.068,0.157],[0,0]],"v":[[763.589,236.617],[756.451,233.136],[751.469,236.399],[755.447,241.755],[763.589,236.617]],"c":false}]},{"i":{"x":0.833,"y":0.833},"o":{"x":0.167,"y":0.167},"t":85,"s":[{"i":[[0,0],[2.468,-0.276],[0.695,-2.769],[-3.258,-0.126],[-0.617,3.123]],"o":[[0.701,-3.55],[-3.224,0.36],[-0.697,2.779],[4.068,0.157],[0,0]],"v":[[763.589,236.617],[756.451,233.136],[751.469,236.399],[755.447,241.755],[763.589,236.617]],"c":false}]},{"t":90.0000036657751,"s":[{"i":[[0,0],[2.468,-0.276],[0.695,-2.769],[-3.258,-0.126],[-0.617,3.123]],"o":[[0.701,-3.55],[-3.224,0.36],[-0.697,2.779],[4.068,0.157],[0,0]],"v":[[763.589,235.367],[756.451,231.886],[751.469,235.149],[755.447,240.505],[763.589,235.367]],"c":false}]}],"ix":2},"nm":"Path 1","mn":"ADBE Vector Shape - Group","hd":false},{"ty":"fl","c":{"a":0,"k":[0.701960802078,0.498039215803,0.243137255311,1],"ix":4},"o":{"a":0,"k":100,"ix":5},"r":1,"bm":0,"nm":"Fill 1","mn":"ADBE Vector Graphic - Fill","hd":false},{"ty":"tr","p":{"a":0,"k":[0,0],"ix":2},"a":{"a":0,"k":[0,0],"ix":1},"s":{"a":0,"k":[100,100],"ix":3},"r":{"a":0,"k":0,"ix":6},"o":{"a":0,"k":100,"ix":7},"sk":{"a":0,"k":0,"ix":4},"sa":{"a":0,"k":0,"ix":5},"nm":"Transform"}],"nm":"ear right","np":2,"cix":2,"bm":0,"ix":6,"mn":"ADBE Vector Group","hd":false},{"ty":"gr","it":[{"ind":0,"ty":"sh","ix":1,"ks":{"a":1,"k":[{"i":{"x":0.833,"y":0.833},"o":{"x":0.167,"y":0.167},"t":45,"s":[{"i":[[6.095,1.836],[2.666,0],[2.132,-0.717],[0.348,-8.115],[-9.8,0],[0.425,9.932]],"o":[[-2.352,-0.709],[-2.666,0],[-6.185,2.079],[-0.425,9.932],[9.8,0],[-0.348,-8.115]],"v":[[751.897,232.273],[745.652,231.286],[739.407,232.273],[728.756,246.812],[745.652,262.997],[762.548,246.812]],"c":true}]},{"i":{"x":0.833,"y":0.833},"o":{"x":0.167,"y":0.167},"t":50,"s":[{"i":[[6.095,1.836],[2.666,0],[2.132,-0.717],[0.348,-8.115],[-9.8,0],[0.425,9.932]],"o":[[-2.352,-0.709],[-2.666,0],[-6.185,2.079],[-0.425,9.932],[9.8,0],[-0.348,-8.115]],"v":[[751.897,233.211],[745.652,232.223],[739.407,233.211],[728.777,247.812],[745.652,262.997],[762.568,247.812]],"c":true}]},{"i":{"x":0.833,"y":0.833},"o":{"x":0.167,"y":0.167},"t":85,"s":[{"i":[[6.095,1.836],[2.666,0],[2.132,-0.717],[0.348,-8.115],[-9.8,0],[0.425,9.932]],"o":[[-2.352,-0.709],[-2.666,0],[-6.185,2.079],[-0.425,9.932],[9.8,0],[-0.348,-8.115]],"v":[[751.897,233.211],[745.652,232.223],[739.407,233.211],[728.777,247.812],[745.652,262.997],[762.568,247.812]],"c":true}]},{"t":90.0000036657751,"s":[{"i":[[6.095,1.836],[2.666,0],[2.132,-0.717],[0.348,-8.115],[-9.8,0],[0.425,9.932]],"o":[[-2.352,-0.709],[-2.666,0],[-6.185,2.079],[-0.425,9.932],[9.8,0],[-0.348,-8.115]],"v":[[751.897,232.273],[745.652,231.286],[739.407,232.273],[728.756,246.812],[745.652,262.997],[762.548,246.812]],"c":true}]}],"ix":2},"nm":"Path 1","mn":"ADBE Vector Shape - Group","hd":false},{"ty":"fl","c":{"a":0,"k":[0.701960802078,0.498039215803,0.243137255311,1],"ix":4},"o":{"a":0,"k":100,"ix":5},"r":1,"bm":0,"nm":"Fill 1","mn":"ADBE Vector Graphic - Fill","hd":false},{"ty":"tr","p":{"a":0,"k":[0,0],"ix":2},"a":{"a":0,"k":[0,0],"ix":1},"s":{"a":0,"k":[100,100],"ix":3},"r":{"a":0,"k":0,"ix":6},"o":{"a":0,"k":100,"ix":7},"sk":{"a":0,"k":0,"ix":4},"sa":{"a":0,"k":0,"ix":5},"nm":"Transform"}],"nm":"face","np":2,"cix":2,"bm":0,"ix":7,"mn":"ADBE Vector Group","hd":false}],"ip":0,"op":100.000004073084,"st":0,"bm":0}],"markers":[]}