{"v":"5.5.7","meta":{"g":"LottieFiles AE 0.1.21","a":"TunnelBear","k":"","d":"Connection Ratings - Good","tc":""},"fr":29.9700012207031,"ip":0,"op":100.000004073084,"w":40,"h":40,"nm":"good","ddd":0,"assets":[],"layers":[{"ddd":0,"ind":1,"ty":4,"nm":"good","sr":1,"ks":{"o":{"a":0,"k":100,"ix":11},"r":{"a":0,"k":0,"ix":10},"p":{"a":0,"k":[19.83,6.592,0],"ix":2},"a":{"a":0,"k":[807.754,231.413,0],"ix":1},"s":{"a":0,"k":[99.056,99.056,100],"ix":6}},"ao":0,"shapes":[{"ty":"gr","it":[{"ty":"gr","it":[{"ind":0,"ty":"sh","ix":1,"ks":{"a":1,"k":[{"i":{"x":0.833,"y":0.833},"o":{"x":0.167,"y":0.167},"t":5,"s":[{"i":[[0.236,-0.072],[1.476,0],[1.166,0.359],[-0.258,-0.256],[-1.911,0],[-0.001,0],[-0.829,0.823]],"o":[[-1.167,0.359],[-1.476,0],[-0.236,-0.073],[0.828,0.823],[0.001,0],[1.911,0],[0.258,-0.256]],"v":[[811.678,252.103],[807.754,252.646],[803.831,252.103],[803.592,252.699],[807.754,254.133],[807.755,254.133],[811.916,252.699]],"c":true}]},{"i":{"x":0.833,"y":0.833},"o":{"x":0.167,"y":0.167},"t":10,"s":[{"i":[[0.236,-0.073],[1.476,0],[1.166,0.359],[-0.258,-0.256],[-1.911,0],[-0.001,0],[-0.829,0.823]],"o":[[-1.167,0.359],[-1.476,0],[-0.236,-0.073],[0.828,0.823],[0.001,0],[1.911,0],[0.258,-0.256]],"v":[[811.703,255.787],[807.766,256.513],[803.856,255.787],[803.605,255.952],[807.754,257.571],[807.755,257.571],[811.93,255.952]],"c":true}]},{"i":{"x":0.833,"y":0.833},"o":{"x":0.167,"y":0.167},"t":15,"s":[{"i":[[0.236,-0.072],[1.476,0],[1.166,0.359],[-0.258,-0.256],[-1.911,0],[-0.001,0],[-0.829,0.823]],"o":[[-1.167,0.359],[-1.476,0],[-0.236,-0.073],[0.828,0.823],[0.001,0],[1.911,0],[0.258,-0.256]],"v":[[811.678,252.103],[807.754,252.646],[803.831,252.103],[803.592,252.699],[807.754,254.133],[807.755,254.133],[811.916,252.699]],"c":true}]},{"i":{"x":0.833,"y":0.833},"o":{"x":0.167,"y":0.167},"t":20,"s":[{"i":[[0.236,-0.073],[1.476,0],[1.166,0.359],[-0.258,-0.256],[-1.911,0],[-0.001,0],[-0.829,0.823]],"o":[[-1.167,0.359],[-1.476,0],[-0.236,-0.073],[0.828,0.823],[0.001,0],[1.911,0],[0.258,-0.256]],"v":[[811.703,255.787],[807.766,256.513],[803.856,255.787],[803.605,255.952],[807.754,257.571],[807.755,257.571],[811.93,255.952]],"c":true}]},{"t":25.0000010182709,"s":[{"i":[[0.236,-0.072],[1.476,0],[1.166,0.359],[-0.258,-0.256],[-1.911,0],[-0.001,0],[-0.829,0.823]],"o":[[-1.167,0.359],[-1.476,0],[-0.236,-0.073],[0.828,0.823],[0.001,0],[1.911,0],[0.258,-0.256]],"v":[[811.678,252.103],[807.754,252.646],[803.831,252.103],[803.592,252.699],[807.754,254.133],[807.755,254.133],[811.916,252.699]],"c":true}]}],"ix":2},"nm":"Path 1","mn":"ADBE Vector Shape - Group","hd":false},{"ty":"fl","c":{"a":0,"k":[0,0,0,1],"ix":4},"o":{"a":0,"k":100,"ix":5},"r":1,"bm":0,"nm":"Fill 1","mn":"ADBE Vector Graphic - Fill","hd":false},{"ty":"tr","p":{"a":0,"k":[0,0],"ix":2},"a":{"a":0,"k":[0,0],"ix":1},"s":{"a":0,"k":[100,100],"ix":3},"r":{"a":0,"k":0,"ix":6},"o":{"a":0,"k":100,"ix":7},"sk":{"a":0,"k":0,"ix":4},"sa":{"a":0,"k":0,"ix":5},"nm":"Transform"}],"nm":"Group 1","np":2,"cix":2,"bm":0,"ix":1,"mn":"ADBE Vector Group","hd":false},{"ty":"tr","p":{"a":0,"k":[0,0],"ix":2},"a":{"a":0,"k":[0,0],"ix":1},"s":{"a":0,"k":[100,100],"ix":3},"r":{"a":0,"k":0,"ix":6},"o":{"a":0,"k":100,"ix":7},"sk":{"a":0,"k":0,"ix":4},"sa":{"a":0,"k":0,"ix":5},"nm":"Transform"}],"nm":"mouth","np":1,"cix":2,"bm":0,"ix":1,"mn":"ADBE Vector Group","hd":false},{"ty":"gr","it":[{"ind":0,"ty":"sh","ix":1,"ks":{"a":1,"k":[{"i":{"x":0.833,"y":0.833},"o":{"x":0.167,"y":0.167},"t":5,"s":[{"i":[[-0.855,0],[-0.663,1.262],[2.464,0],[-0.849,-1.613]],"o":[[0.855,0],[0.849,-1.613],[-2.464,0],[0.664,1.262]],"v":[[807.754,248.636],[810.822,246.705],[807.754,244.547],[804.686,246.705]],"c":true}]},{"i":{"x":0.833,"y":0.833},"o":{"x":0.167,"y":0.167},"t":10,"s":[{"i":[[-0.855,0],[-0.664,1.262],[2.464,0],[-0.849,-1.613]],"o":[[0.855,0],[0.849,-1.613],[-2.464,0],[0.664,1.262]],"v":[[807.754,253.136],[810.822,251.205],[807.754,249.047],[804.686,251.205]],"c":true}]},{"i":{"x":0.833,"y":0.833},"o":{"x":0.167,"y":0.167},"t":15,"s":[{"i":[[-0.855,0],[-0.663,1.262],[2.464,0],[-0.849,-1.613]],"o":[[0.855,0],[0.849,-1.613],[-2.464,0],[0.664,1.262]],"v":[[807.754,248.636],[810.822,246.705],[807.754,244.547],[804.686,246.705]],"c":true}]},{"i":{"x":0.833,"y":0.833},"o":{"x":0.167,"y":0.167},"t":20,"s":[{"i":[[-0.855,0],[-0.664,1.262],[2.464,0],[-0.849,-1.613]],"o":[[0.855,0],[0.849,-1.613],[-2.464,0],[0.664,1.262]],"v":[[807.754,253.136],[810.822,251.205],[807.754,249.047],[804.686,251.205]],"c":true}]},{"t":25.0000010182709,"s":[{"i":[[-0.855,0],[-0.663,1.262],[2.464,0],[-0.849,-1.613]],"o":[[0.855,0],[0.849,-1.613],[-2.464,0],[0.664,1.262]],"v":[[807.754,248.636],[810.822,246.705],[807.754,244.547],[804.686,246.705]],"c":true}]}],"ix":2},"nm":"Path 1","mn":"ADBE Vector Shape - Group","hd":false},{"ty":"fl","c":{"a":0,"k":[0,0,0,1],"ix":4},"o":{"a":0,"k":100,"ix":5},"r":1,"bm":0,"nm":"Fill 1","mn":"ADBE Vector Graphic - Fill","hd":false},{"ty":"tr","p":{"a":0,"k":[0,0],"ix":2},"a":{"a":0,"k":[0,0],"ix":1},"s":{"a":0,"k":[100,100],"ix":3},"r":{"a":0,"k":0,"ix":6},"o":{"a":0,"k":100,"ix":7},"sk":{"a":0,"k":0,"ix":4},"sa":{"a":0,"k":0,"ix":5},"nm":"Transform"}],"nm":"nose","np":2,"cix":2,"bm":0,"ix":2,"mn":"ADBE Vector Group","hd":false},{"ty":"gr","it":[{"ind":0,"ty":"sh","ix":1,"ks":{"a":1,"k":[{"i":{"x":0.833,"y":0.833},"o":{"x":0.167,"y":0.167},"t":5,"s":[{"i":[[0.877,0],[0,-0.877],[-0.877,0],[0,0.877]],"o":[[-0.877,0],[0,0.877],[0.877,0],[0,-0.877]],"v":[[814.018,240.478],[812.43,242.066],[814.018,243.654],[815.606,242.066]],"c":true}]},{"i":{"x":0.833,"y":0.833},"o":{"x":0.167,"y":0.167},"t":10,"s":[{"i":[[0.877,0],[0,-0.877],[-0.877,0],[0,0.877]],"o":[[-0.877,0],[0,0.877],[0.877,0],[0,-0.877]],"v":[[814.018,242.478],[812.43,244.066],[814.018,245.654],[815.606,244.066]],"c":true}]},{"i":{"x":0.833,"y":0.833},"o":{"x":0.167,"y":0.167},"t":15,"s":[{"i":[[0.877,0],[0,-0.877],[-0.877,0],[0,0.877]],"o":[[-0.877,0],[0,0.877],[0.877,0],[0,-0.877]],"v":[[814.018,240.478],[812.43,242.066],[814.018,243.654],[815.606,242.066]],"c":true}]},{"i":{"x":0.833,"y":0.833},"o":{"x":0.167,"y":0.167},"t":20,"s":[{"i":[[0.877,0],[0,-0.877],[-0.877,0],[0,0.877]],"o":[[-0.877,0],[0,0.877],[0.877,0],[0,-0.877]],"v":[[814.018,242.478],[812.43,244.066],[814.018,245.654],[815.606,244.066]],"c":true}]},{"i":{"x":0.833,"y":0.833},"o":{"x":0.167,"y":0.167},"t":25,"s":[{"i":[[0.877,0],[0,-0.877],[-0.877,0],[0,0.877]],"o":[[-0.877,0],[0,0.877],[0.877,0],[0,-0.877]],"v":[[814.018,240.478],[812.43,242.066],[814.018,243.654],[815.606,242.066]],"c":true}]},{"i":{"x":0.833,"y":0.833},"o":{"x":0.167,"y":0.167},"t":40,"s":[{"i":[[0.877,0],[0,-0.877],[-0.877,0],[0,0.877]],"o":[[-0.877,0],[0,0.877],[0.877,0],[0,-0.877]],"v":[[814.018,240.478],[812.43,242.066],[814.018,243.654],[815.606,242.066]],"c":true}]},{"i":{"x":0.833,"y":0.833},"o":{"x":0.167,"y":0.167},"t":45,"s":[{"i":[[0.877,0],[0,-0.596],[-0.877,0],[0,0.596]],"o":[[-0.877,0],[0,0.596],[0.877,0],[0,-0.596]],"v":[[814.018,241.903],[812.43,242.717],[814.018,243.654],[815.606,242.717]],"c":true}]},{"t":50.0000020365418,"s":[{"i":[[0.877,0],[0,-0.877],[-0.877,0],[0,0.877]],"o":[[-0.877,0],[0,0.877],[0.877,0],[0,-0.877]],"v":[[814.018,240.478],[812.43,242.066],[814.018,243.654],[815.606,242.066]],"c":true}]}],"ix":2},"nm":"Path 1","mn":"ADBE Vector Shape - Group","hd":false},{"ind":1,"ty":"sh","ix":2,"ks":{"a":1,"k":[{"i":{"x":0.833,"y":0.833},"o":{"x":0.167,"y":0.167},"t":5,"s":[{"i":[[0.877,0],[0,-0.877],[-0.877,0],[0,0.877]],"o":[[-0.877,0],[0,0.877],[0.877,0],[0,-0.877]],"v":[[801.48,240.478],[799.893,242.066],[801.48,243.654],[803.069,242.066]],"c":true}]},{"i":{"x":0.833,"y":0.833},"o":{"x":0.167,"y":0.167},"t":10,"s":[{"i":[[0.877,0],[0,-0.877],[-0.877,0],[0,0.877]],"o":[[-0.877,0],[0,0.877],[0.877,0],[0,-0.877]],"v":[[801.48,242.478],[799.893,244.066],[801.48,245.654],[803.069,244.066]],"c":true}]},{"i":{"x":0.833,"y":0.833},"o":{"x":0.167,"y":0.167},"t":15,"s":[{"i":[[0.877,0],[0,-0.877],[-0.877,0],[0,0.877]],"o":[[-0.877,0],[0,0.877],[0.877,0],[0,-0.877]],"v":[[801.48,240.478],[799.893,242.066],[801.48,243.654],[803.069,242.066]],"c":true}]},{"i":{"x":0.833,"y":0.833},"o":{"x":0.167,"y":0.167},"t":20,"s":[{"i":[[0.877,0],[0,-0.877],[-0.877,0],[0,0.877]],"o":[[-0.877,0],[0,0.877],[0.877,0],[0,-0.877]],"v":[[801.48,242.478],[799.893,244.066],[801.48,245.654],[803.069,244.066]],"c":true}]},{"i":{"x":0.833,"y":0.833},"o":{"x":0.167,"y":0.167},"t":25,"s":[{"i":[[0.877,0],[0,-0.877],[-0.877,0],[0,0.877]],"o":[[-0.877,0],[0,0.877],[0.877,0],[0,-0.877]],"v":[[801.48,240.478],[799.893,242.066],[801.48,243.654],[803.069,242.066]],"c":true}]},{"i":{"x":0.833,"y":0.833},"o":{"x":0.167,"y":0.167},"t":40,"s":[{"i":[[0.877,0],[0,-0.877],[-0.877,0],[0,0.877]],"o":[[-0.877,0],[0,0.877],[0.877,0],[0,-0.877]],"v":[[801.48,240.478],[799.893,242.066],[801.48,243.654],[803.069,242.066]],"c":true}]},{"i":{"x":0.833,"y":0.833},"o":{"x":0.167,"y":0.167},"t":45,"s":[{"i":[[0.877,0],[0,-0.596],[-0.877,0],[0,0.596]],"o":[[-0.877,0],[0,0.596],[0.877,0],[0,-0.596]],"v":[[801.48,241.903],[799.893,242.717],[801.48,243.654],[803.069,242.717]],"c":true}]},{"t":50.0000020365418,"s":[{"i":[[0.877,0],[0,-0.877],[-0.877,0],[0,0.877]],"o":[[-0.877,0],[0,0.877],[0.877,0],[0,-0.877]],"v":[[801.48,240.478],[799.893,242.066],[801.48,243.654],[803.069,242.066]],"c":true}]}],"ix":2},"nm":"Path 2","mn":"ADBE Vector Shape - Group","hd":false},{"ty":"fl","c":{"a":0,"k":[0,0,0,1],"ix":4},"o":{"a":0,"k":100,"ix":5},"r":1,"bm":0,"nm":"Fill 1","mn":"ADBE Vector Graphic - Fill","hd":false},{"ty":"tr","p":{"a":0,"k":[0,0],"ix":2},"a":{"a":0,"k":[0,0],"ix":1},"s":{"a":0,"k":[100,100],"ix":3},"r":{"a":0,"k":0,"ix":6},"o":{"a":0,"k":100,"ix":7},"sk":{"a":0,"k":0,"ix":4},"sa":{"a":0,"k":0,"ix":5},"nm":"Transform"}],"nm":"eyes","np":3,"cix":2,"bm":0,"ix":3,"mn":"ADBE Vector Group","hd":false},{"ty":"gr","it":[{"ind":0,"ty":"sh","ix":1,"ks":{"a":1,"k":[{"i":{"x":0.833,"y":0.833},"o":{"x":0.167,"y":0.167},"t":5,"s":[{"i":[[2.861,0],[-1.302,8.035],[-2.133,0],[-0.982,-6.061]],"o":[[-2.861,0],[0.982,-6.061],[2.133,0],[1.302,8.035]],"v":[[807.754,256.247],[802.47,247.387],[807.754,240.497],[813.038,247.387]],"c":true}]},{"i":{"x":0.833,"y":0.833},"o":{"x":0.167,"y":0.167},"t":10,"s":[{"i":[[2.861,0],[-1.302,7.55],[-2.133,0],[-0.982,-5.695]],"o":[[-2.861,0],[0.982,-5.695],[2.133,0],[1.302,7.55]],"v":[[807.797,259.079],[802.46,249.745],[807.797,243.284],[813.028,249.745]],"c":true}]},{"i":{"x":0.833,"y":0.833},"o":{"x":0.167,"y":0.167},"t":15,"s":[{"i":[[2.861,0],[-1.302,8.035],[-2.133,0],[-0.982,-6.061]],"o":[[-2.861,0],[0.982,-6.061],[2.133,0],[1.302,8.035]],"v":[[807.754,256.247],[802.47,247.387],[807.754,240.497],[813.038,247.387]],"c":true}]},{"i":{"x":0.833,"y":0.833},"o":{"x":0.167,"y":0.167},"t":20,"s":[{"i":[[2.861,0],[-1.302,7.55],[-2.133,0],[-0.982,-5.695]],"o":[[-2.861,0],[0.982,-5.695],[2.133,0],[1.302,7.55]],"v":[[807.797,259.079],[802.46,249.745],[807.797,243.284],[813.028,249.745]],"c":true}]},{"t":25.0000010182709,"s":[{"i":[[2.861,0],[-1.302,8.035],[-2.133,0],[-0.982,-6.061]],"o":[[-2.861,0],[0.982,-6.061],[2.133,0],[1.302,8.035]],"v":[[807.754,256.247],[802.47,247.387],[807.754,240.497],[813.038,247.387]],"c":true}]}],"ix":2},"nm":"Path 1","mn":"ADBE Vector Shape - Group","hd":false},{"ty":"fl","c":{"a":0,"k":[0.917647063732,0.745098054409,0.54509806633,1],"ix":4},"o":{"a":0,"k":100,"ix":5},"r":1,"bm":0,"nm":"Fill 1","mn":"ADBE Vector Graphic - Fill","hd":false},{"ty":"tr","p":{"a":0,"k":[0,0],"ix":2},"a":{"a":0,"k":[0,0],"ix":1},"s":{"a":0,"k":[100,100],"ix":3},"r":{"a":0,"k":0,"ix":6},"o":{"a":0,"k":100,"ix":7},"sk":{"a":0,"k":0,"ix":4},"sa":{"a":0,"k":0,"ix":5},"nm":"Transform"}],"nm":"snout","np":2,"cix":2,"bm":0,"ix":4,"mn":"ADBE Vector Group","hd":false},{"ty":"gr","it":[{"ind":0,"ty":"sh","ix":1,"ks":{"a":1,"k":[{"i":{"x":0.833,"y":0.833},"o":{"x":0.167,"y":0.167},"t":5,"s":[{"i":[[0,0],[-2.704,-2.238],[-1.469,2.511],[1.809,2.141],[1.999,-3.099]],"o":[[-1.758,2.726],[2.165,1.792],[1.465,-2.503],[-1.385,-1.639],[0,0]],"v":[[790.716,230.153],[792.371,238.768],[797.616,236.11],[797.669,231.649],[790.716,230.153]],"c":false}]},{"i":{"x":0.833,"y":0.833},"o":{"x":0.167,"y":0.167},"t":10,"s":[{"i":[[0,0],[-2.704,-2.238],[-1.47,2.511],[1.809,2.141],[1.999,-3.099]],"o":[[-1.758,2.726],[2.165,1.792],[1.465,-2.503],[-1.385,-1.639],[0,0]],"v":[[790.716,232.153],[792.371,240.768],[797.616,238.11],[797.669,233.649],[790.716,232.153]],"c":false}]},{"i":{"x":0.833,"y":0.833},"o":{"x":0.167,"y":0.167},"t":15,"s":[{"i":[[0,0],[-2.704,-2.238],[-1.469,2.511],[1.809,2.141],[1.999,-3.099]],"o":[[-1.758,2.726],[2.165,1.792],[1.465,-2.503],[-1.385,-1.639],[0,0]],"v":[[790.716,230.153],[792.371,238.768],[797.616,236.11],[797.669,231.649],[790.716,230.153]],"c":false}]},{"i":{"x":0.833,"y":0.833},"o":{"x":0.167,"y":0.167},"t":20,"s":[{"i":[[0,0],[-2.704,-2.238],[-1.47,2.511],[1.809,2.141],[1.999,-3.099]],"o":[[-1.758,2.726],[2.165,1.792],[1.465,-2.503],[-1.385,-1.639],[0,0]],"v":[[790.716,232.153],[792.371,240.768],[797.616,238.11],[797.669,233.649],[790.716,232.153]],"c":false}]},{"t":25.0000010182709,"s":[{"i":[[0,0],[-2.704,-2.238],[-1.469,2.511],[1.809,2.141],[1.999,-3.099]],"o":[[-1.758,2.726],[2.165,1.792],[1.465,-2.503],[-1.385,-1.639],[0,0]],"v":[[790.716,230.153],[792.371,238.768],[797.616,236.11],[797.669,231.649],[790.716,230.153]],"c":false}]}],"ix":2},"nm":"Path 1","mn":"ADBE Vector Shape - Group","hd":false},{"ty":"fl","c":{"a":0,"k":[0.701960802078,0.498039215803,0.243137255311,1],"ix":4},"o":{"a":0,"k":100,"ix":5},"r":1,"bm":0,"nm":"Fill 1","mn":"ADBE Vector Graphic - Fill","hd":false},{"ty":"tr","p":{"a":0,"k":[0,0],"ix":2},"a":{"a":0,"k":[0,0],"ix":1},"s":{"a":0,"k":[100,100],"ix":3},"r":{"a":0,"k":0,"ix":6},"o":{"a":0,"k":100,"ix":7},"sk":{"a":0,"k":0,"ix":4},"sa":{"a":0,"k":0,"ix":5},"nm":"Transform"}],"nm":"ear left","np":2,"cix":2,"bm":0,"ix":5,"mn":"ADBE Vector Group","hd":false},{"ty":"gr","it":[{"ind":0,"ty":"sh","ix":1,"ks":{"a":1,"k":[{"i":{"x":0.833,"y":0.833},"o":{"x":0.167,"y":0.167},"t":5,"s":[{"i":[[0,0],[1.385,-1.639],[-1.465,-2.503],[-2.165,1.792],[1.758,2.726]],"o":[[-1.999,-3.099],[-1.809,2.141],[1.469,2.511],[2.704,-2.238],[0,0]],"v":[[824.792,230.153],[817.839,231.649],[817.892,236.11],[823.137,238.768],[824.792,230.153]],"c":false}]},{"i":{"x":0.833,"y":0.833},"o":{"x":0.167,"y":0.167},"t":10,"s":[{"i":[[0,0],[1.385,-1.639],[-1.464,-2.503],[-2.165,1.792],[1.758,2.726]],"o":[[-1.999,-3.099],[-1.809,2.141],[1.469,2.511],[2.704,-2.238],[0,0]],"v":[[824.792,232.153],[817.839,233.649],[817.892,238.11],[823.137,240.768],[824.792,232.153]],"c":false}]},{"i":{"x":0.833,"y":0.833},"o":{"x":0.167,"y":0.167},"t":15,"s":[{"i":[[0,0],[1.385,-1.639],[-1.465,-2.503],[-2.165,1.792],[1.758,2.726]],"o":[[-1.999,-3.099],[-1.809,2.141],[1.469,2.511],[2.704,-2.238],[0,0]],"v":[[824.792,230.153],[817.839,231.649],[817.892,236.11],[823.137,238.768],[824.792,230.153]],"c":false}]},{"i":{"x":0.833,"y":0.833},"o":{"x":0.167,"y":0.167},"t":20,"s":[{"i":[[0,0],[1.385,-1.639],[-1.464,-2.503],[-2.165,1.792],[1.758,2.726]],"o":[[-1.999,-3.099],[-1.809,2.141],[1.469,2.511],[2.704,-2.238],[0,0]],"v":[[824.792,232.153],[817.839,233.649],[817.892,238.11],[823.137,240.768],[824.792,232.153]],"c":false}]},{"t":25.0000010182709,"s":[{"i":[[0,0],[1.385,-1.639],[-1.465,-2.503],[-2.165,1.792],[1.758,2.726]],"o":[[-1.999,-3.099],[-1.809,2.141],[1.469,2.511],[2.704,-2.238],[0,0]],"v":[[824.792,230.153],[817.839,231.649],[817.892,236.11],[823.137,238.768],[824.792,230.153]],"c":false}]}],"ix":2},"nm":"Path 1","mn":"ADBE Vector Shape - Group","hd":false},{"ty":"fl","c":{"a":0,"k":[0.701960802078,0.498039215803,0.243137255311,1],"ix":4},"o":{"a":0,"k":100,"ix":5},"r":1,"bm":0,"nm":"Fill 1","mn":"ADBE Vector Graphic - Fill","hd":false},{"ty":"tr","p":{"a":0,"k":[0,0],"ix":2},"a":{"a":0,"k":[0,0],"ix":1},"s":{"a":0,"k":[100,100],"ix":3},"r":{"a":0,"k":0,"ix":6},"o":{"a":0,"k":100,"ix":7},"sk":{"a":0,"k":0,"ix":4},"sa":{"a":0,"k":0,"ix":5},"nm":"Transform"}],"nm":"ear right","np":2,"cix":2,"bm":0,"ix":6,"mn":"ADBE Vector Group","hd":false},{"ty":"gr","it":[{"ind":0,"ty":"sh","ix":1,"ks":{"a":1,"k":[{"i":{"x":0.833,"y":0.833},"o":{"x":0.167,"y":0.167},"t":5,"s":[{"i":[[6.244,1.881],[2.731,0],[2.184,-0.734],[0.356,-8.312],[-10.038,0],[0.436,10.174]],"o":[[-2.409,-0.726],[-2.731,0],[-6.336,2.13],[-0.436,10.174],[10.039,0],[-0.356,-8.312]],"v":[[814.151,231.524],[807.754,231.413],[801.357,231.524],[790.447,246.418],[807.754,262.997],[825.061,246.418]],"c":true}]},{"i":{"x":0.833,"y":0.833},"o":{"x":0.167,"y":0.167},"t":10,"s":[{"i":[[6.244,1.881],[2.731,0],[2.184,-0.734],[0.356,-8.312],[-10.038,0],[0.436,10.174]],"o":[[-2.409,-0.726],[-2.731,0],[-6.336,2.13],[-0.436,10.174],[10.039,0],[-0.356,-8.312]],"v":[[814.151,231.688],[807.674,230.76],[801.357,231.688],[790.37,247.724],[807.754,262.997],[824.985,247.724]],"c":true}]},{"i":{"x":0.833,"y":0.833},"o":{"x":0.167,"y":0.167},"t":15,"s":[{"i":[[6.244,1.881],[2.731,0],[2.184,-0.734],[0.356,-8.312],[-10.038,0],[0.436,10.174]],"o":[[-2.409,-0.726],[-2.731,0],[-6.336,2.13],[-0.436,10.174],[10.039,0],[-0.356,-8.312]],"v":[[814.151,231.524],[807.754,231.413],[801.357,231.524],[790.447,246.418],[807.754,262.997],[825.061,246.418]],"c":true}]},{"i":{"x":0.833,"y":0.833},"o":{"x":0.167,"y":0.167},"t":20,"s":[{"i":[[6.244,1.881],[2.731,0],[2.184,-0.734],[0.356,-8.312],[-10.038,0],[0.436,10.174]],"o":[[-2.409,-0.726],[-2.731,0],[-6.336,2.13],[-0.436,10.174],[10.039,0],[-0.356,-8.312]],"v":[[814.151,231.688],[807.674,230.76],[801.357,231.688],[790.37,247.724],[807.754,262.997],[824.985,247.724]],"c":true}]},{"t":25.0000010182709,"s":[{"i":[[6.244,1.881],[2.731,0],[2.184,-0.734],[0.356,-8.312],[-10.038,0],[0.436,10.174]],"o":[[-2.409,-0.726],[-2.731,0],[-6.336,2.13],[-0.436,10.174],[10.039,0],[-0.356,-8.312]],"v":[[814.151,231.524],[807.754,231.413],[801.357,231.524],[790.447,246.418],[807.754,262.997],[825.061,246.418]],"c":true}]}],"ix":2},"nm":"Path 1","mn":"ADBE Vector Shape - Group","hd":false},{"ty":"fl","c":{"a":0,"k":[0.701960802078,0.498039215803,0.243137255311,1],"ix":4},"o":{"a":0,"k":100,"ix":5},"r":1,"bm":0,"nm":"Fill 1","mn":"ADBE Vector Graphic - Fill","hd":false},{"ty":"tr","p":{"a":0,"k":[0,0],"ix":2},"a":{"a":0,"k":[0,0],"ix":1},"s":{"a":0,"k":[100,100],"ix":3},"r":{"a":0,"k":0,"ix":6},"o":{"a":0,"k":100,"ix":7},"sk":{"a":0,"k":0,"ix":4},"sa":{"a":0,"k":0,"ix":5},"nm":"Transform"}],"nm":"face","np":2,"cix":2,"bm":0,"ix":7,"mn":"ADBE Vector Group","hd":false}],"ip":0,"op":100.000004073084,"st":0,"bm":0}],"markers":[]}